Chromosome,sequence
chr1:13416303-13416503,CATCATGCAAAGTGGGGGGGGGGGGGGGCGGGGCGGGGCGGGGCGGGGACGGCTCAAAACCTGCCTTATTTTTAAATGAGTAAAGCTTCTGTCGGTTTTTTTTTTTTTTTTTTTTTTGGCCGCGTTTCAGCCTCACAGCGAAGTGAAAGAGCCAAAAGAGGCAGTGGGGTAACTGGCACGTGGGGGGTGGGGTGGGGGTA
chr1:24338103-24338303,CACCACACACACACACACCACACACACACACCACACACACACACACACACACACACACACACACACCACACACACCACACACACACACACACACACAACACACACACCACACACACACCACACACACACACACTACACACACACAACACACACACACCACACACACCACACACACACACACCACACACACACACACCACA
chr1:24619454-24619654,TGGATATTAGGTGAGAGCGAAATATAAGTGTCCCTAGAAGTGATAGTGAGAAGGCTATGGTGAGGTTGAAGAAGGTAGATGGCATATTGGTAATTATGAACATCATCATAATCTAATGAGTCGAAATCATTAATTTTTTTTTAAACTAATTACCATTTACTCTGTTCATTCTAATCCTTTTTGTGTTCATTCATATGCTA
chr1:37775976-37776176,GGCCCTGGGAGACAGACGCGATTATGCTCTGGTACTAAGAACTGAAACGCGGGCAGCAAGCCCTGTCCCCCCCCCCCCCCCCCCCGTTTTCTTAGTGTTAAAACTGGTTAAACTGCTCAGCTCTGCCTCACATTTCAAAGTTAAGTCCAGCAAAGCGCTCAGAGGAAAACTTTGGGCACTTGCGCGTCTGGCTTCTCTCG
chr1:74061897-74062097,GATGCCAACAGCCAGACTCCCCTACAACACAGGCACCACCATAAATATTCCCTACCAATCCAGCAGATCTGGTCCACATGGAGACCCTCCACACATTCCTACTGTCTCTGTCTCTCTCTCTCTGTCTCTCTCTCTCTCTCTCTCATACACACACACACACACACACACACACACACACACACACACACACACACAGCTCT
chr1:78570432-78570632,AGCCCATCATGGACAAGAATCACAGTAAGGTGAGGGGGAGAGAGAGAGAGAAGGAAGCCCATCATGGACAAGAATCACAGTAAGGTGAGGGGGAGAGAGAGAGAGAAGGAAGCCCATCATGGACAAGAATCACAGTAAGGTGAGGGGGAGAGAGAGAGAGAAGGAAGCCCATCATGGACAAGAATCACAGTAAGGTGGGG
chr1:134027887-134028087,AGGAGGAGGAGCAAGAGCAGGAGGAGGAGCAGGAGCAGGAGGAGCAGGAGGAGGAGGAGGAGGAGGAGGAGGAGCAGGAGGAGCAGGAGGAGGAGCAGGAGCAGGAGGAGGAGGAGGAGGAGCAGGAGGAGCAGGAGGAGGAGCAGGAGGAGGAGGAGCAGGAGGAGGAGGAGCAGGAGGAGCAGGAGGAGGAGCAGGAG
chr1:180444536-180444736,ACCCAGTAGACTATGCTACGTGGAATAAGCCAGTCACAGAATATGGTAAAGTTTGCCTGGGGTCTGTGGGTCCAAAAGAAAGGCAGGCAGAAAGAAGCGTGGTATTTTTGTTGTTGTTATTATTTTGTTTTTGTTTTTTGTTTTTTTCTGTGATCTGGATTTGAGTCTGTCTTCATCACTTTTCAGTTGCTGTGATAACA
chr10:4722464-4722664,GAAACCCTGTCTCGAACCCCCCCCCCCAAAAAAAACAAAAAAAACAAAAAAACAAAACAAAACAAAACAAAACAAAACAAAAAAACATTTATTTAAAAAAAAAAGAAACAGTTCTTCTAGGTAGGTGTTATGACTCCATTTTAAGCAAATCCTTTAATTTTAACTTTAATTGGCACACTGTTTAATTGGCACACTTGCTC
chr10:7236411-7236611,AGTATGTGTGTGCAGACTTAGTATGCGTGTGCAGACAGTATGTGTGTGCAGACTTAGTATGTGTGTGCAGACTTAGTATGCGTGCGCAGACAGTATGTGTGTGCAGACTTAGTATGTGTGTGCAGACTTAGTATGTGTGTGCAGACAGTATGTGTGTGCAGACTTAGTATGTGTGTGCAGACTTAGTATGCGTGTGCAGA
chr10:12293883-12294083,GAGATGTAATTGAAAGCAAAGAAAGATGCTCTATAGTAAACCAGGAAAAAAATAAAGGAAGAGAAAGAAAGAAAACACAAAATTCAAAGAGACATCCCCACACTCCCTTGAACTCAGAACCAGCGCATCCTTCTTCATGCCCAGTTGTCTCCCCCCCCCCCCCCCCCCCCCCCGGCTTTCACAGAACTAAGCACCATCCA
chr10:13867796-13867996,GGGGGGCGGCTCTGCTACCTACATTTTGCCCTGCATTCTCACCCCAGTCCACCAGCCCAGTCTCCTCTTCCATCATCCCTTTCTCCCTTTCTCTGACCCGGAAGTCCCAGTGATTGGTTCCTTGAAATCTTGATTCATTAGGGGAAGGTTCACATGAAGTCACATGAGTACATGATTCACTCCTTGTCCCAGGCATCCCC
chr10:43282697-43282897,GGCAGAGGCGTAGGCAGAGGCAGAGGTATAGTTATTGGCAGAGGAAGAGGCAGAGGCAGAGGCAGAGGCAGAGGCAGAGGCAGAGGCAGAGGCAGAGGCAGAGGCAGAGGCAGAGGCAGAGGCAGAGGCAGAGGCAGAGGCAGAGGCAGAGGCAGAGGCAGAGGCAGAGGCAGAGGCAGAGGCAGAGGCAGAGGCAGAGG
chr10:62355120-62355320,GCTTCAGATCAAACACACACTCCCTCTTTTATGTGTGTGTGTGTGGGGCGGTTGAGGGGGTGGGTCCAAGACAAAGTTTCTTTATAAAGCCGTAGTTGTCCTGAAACTCAGAAACCAGCCTGCCGCTGAATCCTGGGATTAAAAGTGTGTCACCTCCAGATTCACACTCACACACACACACACACACACACACACACACA
chr10:62892174-62892374,AATGTTGTATGAAAAAAAAAAAAAAAAAAAAAAGTGAAGCACCCGCTTCCGCAGCGAGCAGGGTTCGAACCTGCGCGGGGAGACCCCATTGGATTTCAAGTCCAACGCCTTAACCACTCGGCCATCGCTGCTACGGAGAAAGGACGAAGGCGGAGACACTTTAGGGTATCAGCCAGTGCACGCGCGCCAGCGCTGAGAGT
chr10:77511247-77511447,CACTGCGGAGGCAGAGGCAGGCAGATTTCTGAGCGGCCAGTCTGGACTCCATAATGAGTTCCCAGCGTAGCCTTGGCTACCTAAAGAAACCATGTCTCAGGGGTGTGGGGTTAGGTGAAGGGTGGGGGGATGGGGAGCAACCCAAAAGTTACAAATAAACCGAGGTCTGTATGACAACTCAGTCGGTGGAGGCCCCCCCC
chr10:79711812-79712012,CGCCCCGTGCCATTGCTTTAGCGCGCAAGCGCACTTCACAATTTGTCTGTCAAACCTTGTAGGGTTATACTATAAGCAGCTGACTAATGTCGTCTCTGTGGCGCAATCGGTTAGCGCGTTCGGCTGTTAACCGAAAGGTTGGTGGTTCGAGCCCACCCAGGGACGACCACAGCGACTTTTTCATTCCCTAATACTGAATA
chr10:87960175-87960375,CACACTCACTTCTGTGAAATACTGCAGCTAGGAGCAGGGCAAAGGCATTCATATAACACTTGCGAAGGCTCGGCCAGGCACTCCAGGACCGAGGGTCTGCTTGAGATGGGAGAAGCCCTTTGAAAGGCGGCCTTTCTTTTTTTTTTTTTTTTTTTTTTCCATTTTTTATTAGGTATTTCGCTCATTTACATTTGCAATGC
chr10:88943028-88943228,GTGAAAAACTCCATCGTGAAGATTACATTGTTCCCTCTGGCAGGAGGACTCTGTTCCAAAGCCAACTGAGATGAAAATTTGGCCATGGCCAAGGCTCTACTCAGACAACCTCCCAGCCAGACTGACAGGTTCAACCAGAAGCCCATTCACACCAGCTTTGCCCCCCCCCCCCCCCCCCCCCCGCCGCCCTCGCCCTCGCA
chr10:91560535-91560735,CATCTCCAGGCAGGACTCTGGGTGACTCATTTCCCCATACACTGAGATCCCGTCTGCCAGGAGTCCTTTTCTTTTACAGCTTGCGTCATGATAATCTCCTTCGTCCCTATTTCCATGTTGATATTATTTAGCATTTCTACACAATGCCCTTTAGTGGGCTTTTACATTTGTTCTCAAAATGGATACGATGAACTGGCTGA
chr10:94959740-94959940,TTGTACAAATAAGTGCACAAAAGCAAAGGGGGCTGTTAGGGAGAGGAAAGAAGCCAGCAATGAAGAGGAGGAGCAATGGGGTGAGCGAGTGAGTCACAAAGATAATGTATGCACAAAATAGGCAGGAAAATGGAGTGGGGGAGGGTGTTGGTCTTTTGGGTTTTTTGTTTGTTGGTCCAGGTTTGTTTTGTTTTGATTGG
chr10:99481757-99481957,TCTCAGAAATAAGGAGACAGGAAAGATCTGTCTTGAAAACAATGCAGAAAAGGTCTATTTCAGGAACACTGAAGCTCCCAGAAAAGAAGCAAATAGAATTTTAGCTTTTACTATACTAGAAAAAAAAAATCCTTTTTTTTTTTTTTTTTTTTTTTTTTTTTTGTCGATGAAGTATTTGTCACGTGGGTGACAACTGTGGT
chr10:111005443-111005643,TCCACCTGCCTCTGCCTCCCAAGTACTGAGATTAAAAACCATGTACTAGCATGCCGCCGCCCCCCCCCCCCCCCCCCGTTTGCCCTTTTTCTTAAAGGAAAATATTGTGAGATTTCTTCACAACAGTCAAGGATATTTATGGAAATGAGAGAATATCTGCCAACAAATAGATGCTATGTGCATATACAAATTTTCCCCCC
chr10:115868197-115868397,ACATACTCACTACAGGGTACACTCATTACAGGGCAGATACACTACAAGGCACACACTAAAGGACACACACACTACAGGGCACACTCATTACAGGGCACATTCACTACAGGGCAGACACATAATGGGGCACAATCACTACAGAGCACAGACACTACAGGGCACACAAATAGTAGTAGCTTTTTACCCTCAATATTGTCCTC
chr10:121200232-121200432,TCCTGTGTCTTGAATGACTTTTCTCACCTCTGTCTTATCTCATAGTGCCCCGCCCCGCCCCCCCCCCCCCCCCCCCCCCCCCCCCCCCCCCCCCCCCCCGCCGCTGCACTCACTTATCCCAGTCATCCTTTGTCAGGAGTCTGCAGTCCGCCCCCTCCCAGCATTGTCCAGTCCCCTTAGACAAGGACTGTTGGCTCTGC
chr11:20279042-20279242,GATACATATACTTCACACACACACACAGCACAGATACACATACATCACACACTCACACACACACTCATACACACTCACACACAGCACACAAACACACCACAGATATACATACATCACACATTCACACACACACTCATACACACTCACACACAGCACACAAACACACCACAGATACACATACATCACATACACACTCTCAC
chr11:22516116-22516316,TGAATGAGAACATTCCAGGGCAGTAAATGCTATTCCTAGCCTGGTGCACATAAATAAATAAACAAATAAACAAACAAATAAATAAATAAATAAAGTCTTTCCTGAGGCGAAAGTAAACAGGTTTTTTTTTTTTTTTTTTTTTTTTGACCTGGTTAATTACAGATACTTGTCTATGTTCTGTTGTGAATGTCAGCATTCAG
chr11:44376457-44376657,GGGTCCGAGAGTCCTCTTTGTCGGTGTCACATCACTTTTTTTGAAGTGCTGGAACTGCCTGCCGCTCACACATGGACCACGAGAGTGGAGTTGCTTAGCTTCCTGGCTGGCTGCTTTTGTGTGGACGGCTCCCTGCTTCAGAGTTGCCTCCCCCGCCCCCCCCCCCCCCCCCCCCGCCTCCACTCCCTGGTGTTACCAGC
chr11:58149124-58149324,TTTTACTTTTTAAATGTTAGGTGGATAGCTGGCTGTGGTGGTGCACAGTTTTGATTACTCCCCCCCTCCCCCCCCCCCCCCCCCACACACACACTCAGGGTTTCTCTGTGTAGCCCTGGCTGTCCTGGAACTCACTCTGTAGACCAGGCTGGCCTCGAACTCAGAAATCCACCTGCCTCTGCCTCTCAAGTGCTAGGATT
chr11:61446166-61446366,TTCTTCTTTTTTTAATTAGGTATTTTCCTCATTTACATTTCCAATGCTATCCCAAAAGTCCCCCATACTCCCCCCTCCCCCCCCCCCCCCGCTTTTTGGCCCTGGCGTTCCCCTGTACTGGGGCATATAAAGTTTGCAAGTCCAATGGGCCTCTCTTTCCAGTGATGGCTGACTAGGCCATCTTTTGATACATATGCAGC
chr11:63308865-63309065,ATCAAAGTACAGAGAAGATATGAGGCCATTGCAGTGGAGATGTTGCAAACCAACACAACAAAAAAAGTTCTTTAGGCAGTTGAGTGGGTTGGCATTCTAATGCTAGGAACGGAGACAAACAACCATGGATCTATCACAGAAAAAAAGGCCAACAGAGCATTCTTTTGAGACAACAATAACAAAACCAAAACCAAAACACG
chr11:68854429-68854629,GCAGCTTCGATATAGAACCCAGATCAGGGATCTAGAGAGAACGTTCTTCAGCTTACTCCTCGTTAGTATAGTGGTGAGTATCCCCGCCTGTCACGCGGGAGACCGGGGTTCGATTCCCCGACGGGGAGAAGTGCTTTTTATTTTTTTCTTTTTCCCAGTCATAGCTGTAGCAAGCTGAGGTTGGGCCTATAGCATAGGAT
chr11:68932262-68932462,CGGAAAAAAAAAAAAAGAAAAAAGCTAGAACTGTGCATTGGCCGGGAATCGAACCCGGGCCTCCCGCGTGGCAGGCGAGAATTCTACCACTGAACCACCAATGCAGACAAGGAGAGAGGTCATAATAAGCCTATGTGAACTTCTCAGAGGCAGATCCAATCCTACTTCTAGGTGTGGGAAAAGGTTGTAGAGAATCATTG
chr11:69572010-69572210,GAAAAGGGGTAACGAATAAATAAGTAACCGGGATCCTGAACGGCAGAGGTTACGGCAGTTTGTCTCTCCCCCTTCCGGGAGCCACCTTCTTCTCCAACCGTCCCGGTCGCGCTCTCGGCGCTTCTGAGGAGAGAACTGGCTGAGTGACGCCCTTTATAGATTCGCCCTTGTGTCCCGCCCCTTCCTTTCCCGCCCTCCCT
chr11:77553604-77553804,AGGACAGCCAGGGTTATACAGAGAAACCCTATCTTGAAAAAACAAATAATCAAAAAAAAAAAAAAAACAGAAACAGAAACAAAGAAAAAAAGAAAAACACCCATATATATACACACACACATACATATATATATATATATATATATATATATATACACATATACATGTATATACTTATATATATACATATACACACACAT
chr11:83628196-83628396,CACACACACATACACATACACACACACACACACACACACACACACACACACACAGATGTTAAGCAGATAAAGATACTTGCCACCAAGCCTGAAGTTTAATTCCTGAAACCCACATGGTACAACGAGAGAACCGGTGCCCTATAGGTGTCCTCTAACTCCTGTGCCTCCTGACATTTGCATACACATGCGCAATACAGAAG
chr11:87236277-87236477,TTATAGAGTGTTTTAATGAGGCTTAAATATTTACCGTAACTATGAAATGCTACGCATATCATGCTGTTCAGGCTCCGTGGCCACGCAACTCATACTTACCTGGCAGGGGAGATACCATGATCACGAAGGTGGTTTTCCCAGGGCGAGGCTTATCCATTGCACTCCGGATGTGCTGACCCCTGCGATTTCCCCAAATGCGG
chr11:87240291-87240491,GGATGTGCTGACCCCTGCGATTTCCCCAAATGCGGGAAACTCGACTGCATAATTTGTGGTAGTGGGGGACTGCGTTCGCGCTCTCCCCTGACACTTGTTGTTAAACGAGAGGTTTATAGTGCTTAGTTTTCTTTTATGTCTAGCGGGTGCTGTAAGTTTATATTCTTTGTCTCATATATTACTTTCCTTATTTTTTAGTC
chr11:87275773-87275973,TGGAGCGTGAGGTTAAGACTATACTTTCAGGGATCATTTCTATAGTTCGTTACTAGAGAAGTTTCTCTGACTGTGTAGAGCACCCGAAACCACGAGGACGAGACGTAGCGTTCCCTCCTGAGCGTGAAGCCGGCTCTAGGTGCTGCTTGACTGCAGCTGCCTCCTGCCATTGATGATCGTTCTTCCCTCCTTTGGGAGGG
chr11:97850183-97850383,TAAAGACTCAAGCTAGATGAGCTAGCAAAAGGGACACACGGTAAGTAGCCGTGAGGGGGCACCCGGATTTGAACCGGGGACCTCTTGATCTGCAGTCAAATGCTCTACCACTGAGCTATACCCCCAGTGTACTGAACTTGCTTCACCAGAATGCATTTCATTGTAATAGATTTCTATAAAGCAGCCGCACGGTAGTATTC
chr11:98692031-98692231,GCACTCAGGAGGCAGAGGCAGGCGGATTTCTGAGTTCAAGGCCAGCCTGGTCTACAGAGTGAGTTCCAGGACAGCCAGAGCTATACAGAGAAACCCTGTCTCGAAAAACAAAACAAAAACAAAAACAAAAAAAGATTGGTCTTAGCCGGGCGTGGTGGCACACGCCTTTAATCCCAGCACTCAGGAGGCAGAGGCAGGTG
chr11:101503053-101503253,AGTTCGGTATCGCTTCTCGGCCTTTTGGCTAAGATCAAGTGTAGTATCTGTTCTTATCAGTTTAATATCTGATACGTCCTCTATCCGAGGACAATATATTAAATGGATTTTTGGAAGTAGGAGTTGGAATAGGAGCTTGCTCCGTCCACTCCACGCATCGACCTGGTATTGCAGTACCTCCAGGAACGGTGCACCCCCTC
chr11:101507067-101507267,TCCTGGAGGTACTGCAATACCAGGTCGATGCGTGGAGTGGACGGAGCAAGCTCCTATTCCAACTCCTACTTCCAAAAATCCATTTAATATATTGTCCTCGGATAGAGGACGTATCAGATATTAAACTGATAAGAACAGATACTACACTTGATCTTAGCCAAAAGGCCGAGAAGCGATACCGAACTGCGCCCACACGCCCC
chr11:101519637-101519837,TATATTAAATGGATTTTTGGAAGTAGGAGTTGGAATAGGAGCTTGCTCCGTCCACTCCACGCATCGACCTGGTATTGCAGTACCTCCAGGAACGGTGCACCCCCTCTGGGGAATAAGAGTGGTTTAAAGAAAGAACAATTTGAGAGATCTGCTTAGATCTAATAAAACCCAAGTATAGTTTCTTTAGACGTCTTATATCT
chr11:110268153-110268353,AAAGTGACATGCCGAGGATGTTGCACAGTGGTAGAGGAGGGGCTTAGTCATTGGGCCCCAAGATGAATGGCCCAAAGGGGCATAGCTGGTAGGACAGAAATGAGCCCCTCGCGGCTATCGCTGCTTTTAGTTTCTATGTCTATGGAGTTTTTTTTTTTGTTTGTTTTTGTTTTTTTTTTTTTTTTCCCCGAGGCAGGGTT
chr11:110302490-110302690,CCAGGCAAGCCTGTGGAACATTTTCTTGATCAATGTGTCATGGCCTAGTCCAATGTGTGTGGTGTCACTCATGGGTGAATGGTTCTGGGTTTAGCACTTGGGAGGCAGAGGCAGGCAGATTTCTGAGTTCGAGGCCAGCCTGGTCTACAGAGTGAGTTCCAGGACAGCCAGGGCTACACGGAGAAACCCTGTCTCGAAAA
chr11:116922127-116922327,TTAACCTCTGAGCAGCTGCCCTGTTCTATCTCAGGCTCTGCAGGCCACCTGGCGCTAAGGCTCAGCGGGCAAAGACTTAGTGGGCAAAGATCAATGTCTTTTTCAGGCTGCCTCCGGAGCTGTGATTAAAAAGCCCTTTCAAGGTGACGATTGATAGCCCTAAGGCTAGACTGTCCTGCCCCTACTGGAGGACCTCTGGC
chr12:4221046-4221246,ATAGCAGGAACTAATTAGTACACATGTTTTGGTCATGGTGTGTCATAGCAGGAACTAACTAGTACACATGTTTTGGCCATGGTGTGTCATAGCAGGAACTAACTAGTACACATGTTTTGGTCATGGTGTGTCATAGCAGGAACTAACTAGTACACATGTTTTGGCCATGGTGTGTCATAGCAGGAACTAACTAGTACACG
chr12:9450912-9451112,ACATACACACACATACACATACACACACACACATCACACACACACCACACACACACACATACATACACACACACATACACACACACACACACATACACACACACACTCACACACTTACACACACACACATACACACACAGACATACACACATACACACACACACATACACACACACAGAGACACACACACATACACACAC
chr12:10968814-10969014,GAGCAGGAGAAGCAGGAGGAGGAGGAGCAGGAGGAGCAGGAGCAGGAGAAGCAGGAGGAGGAGGAGCAGGAGGAGCATGAGGAGGAGGAGCAGGAGGAGGAGGAGGAGCAGGAACAGGAGGAGCAGGAGGAGGAGCAGGAGCAGGAGGAGGAGCAGGAGGAGGAGGAGGAGCAGGAGCAGGAGCAGGAGCAGCAGCAGGA
chr12:55820185-55820385,AATTATGCAGTCGAGTTTCCCGCATTTGGGGAAATCGCAGGGGTCAGCACATCCGGAGTGCAATGGATAAGCCTCGCCCTGGGAAAACCACCTTCGTGATCATGGTATCTCCCCTGCCAGGTAAGTATGAGTTGCTTCTGCCGCGTGCGCATATTCCCGCACCGCACACTCACTTCAAACATACGGTCACCGCGTCCGCT
chr12:55839448-55839648,GGGAGAGCGCGAACGCAGTCCCCCACTACCACAAATTATGCAGTCGAGTTTCCCGCATTTGGGGAAATCGCAGGGGTCAGCACATCCGGAGTGCAATGGATAAGCCTCGCCCTGGGAAAACCACCTTCGTGATCATGGTATCTCCCCTGCCAGGTAAGTATGAGTTGTTGATACCCGCAACAGGCCCTCCCTCAACACGC
chr12:98299674-98299874,AACCCGCCCACCAATGCCCCTCTTCTCGCTCCGGGCCCATTAAACTTGGGGGTAGCTAAACTGAAACTTTATCAGACATCTGGTTCTTACTTCAGGGCCATCAAATGCGTTATCGCCCATACGTTCCCCTTAAATAAGACATCTCGATGGTATCGGGTCTAATCAGCCCATGACCAACATAACTGTGGTGTCATGCATTT
chr13:3373178-3373378,CACACACACATTTTCTTTTAAAGAGAATTAGAGTAGAGCTGGGGCAGTTGTGGCACACACCTTTAACCTCAGGCAGATTTCTGCATTCAAGGTCACCCTGGCTTACAGAGTGAGTTCCAAGTCATCCAGGGCTATACAGAGAAACCCTATCTCAGAAAAAAAGAAAAAAAAATTGAAAAAAAGAAGGAAGGAAGGAAGGA
chr13:13520165-13520365,CTTTTTAAAACGGGGGGGGGGGGGGGGAGGGGGGCGGCAGACATGGTAGTACACACCTGTTTTGTTTTGTTTTGTTTTGTTTTGTTTTGTTTTGTTTTGTTTTGTTTTGTTTTGAATCCCAGCACTCAGGAGGCAGAGACAGGTGGAGCTCTGTGAGTTCCAAGACAATCAGGACCACATAGAGAGGCCCTATCTCCAAA
chr13:13953123-13953323,GGGTTGGGGTTAGGGTTAGGGTTAGGGTTAGGGTTGGGGTTAGGGTTAGGGTTAGGGTTAGGGTTGGGGTTGGGGTTGGGGTTAGGGTTAGGGTTAGGGTTAGGGTTAGGGTTAGGGTTAGGGTTGGGGTTGGGGTTAGGGTTAGGGTTATGGGGAAAGAAAAAAAAAGAAACCCCAGCAGTGATTCCTCTTAGAGTTAG
chr13:39051087-39051287,ATGACACACTGAAATAAAAGCTTATTTCTTTATACAAGTCTGTGTGTCTATGCCACAGATGGCAAGCAAGGGTCAGAAGACAACTCCTGGGAACTGGTTCTCTGTCATTTCACCTTATTGGTTCTGGGCTTGGCCACAGGCTTGGCCTCAGGTGCTCTTACCTGTCAGCTTGCTGGCCTCACCTTATCTCTTAACCTAGT
chr13:44826836-44827036,ATACTAAGGACCTTCACGTTTCGCTGATGTAGTTTTTGGAAGAAAAAGGGGGGGAGTGAAGGGCGTCGGTTTTTTTTTTTTTCTTCTTTTTTTTTCTTTTCTTTTTTTGTGTCTGTTGTATGTTTCGGGGGAAATTTTCCATTATGAGTGTTTTACTAAAGTGAATTTTTCTTGTTTGCTTCGCTCGTCTTTGGCTCTTT
chr13:45494001-45494201,GGGGGGGGGGGGGGGGCGGGCGGGGGGCGGGGGAGAGGCAAGAGAGAGGTGGGGGGATGCGCTAACTGGGGATGGCGTAGACTTTTGAAACCTCAAAGCCTATTCTCAGTGAGGTATCTCCTCCTAAGCCTTTCCAAACAGTTCCTCCAGCTGAGGACCAAGTGTTCAAACATAGGAGCCTGTGGAAGCCATTCTCATTT
chr13:55305902-55306102,GTTTGTTTTTTAAGCCAGGGTTTCTTTGTGTTGTCCTGGTTTTCATGTAACACTCTCTGTGAGGCAGGTCAGTCTTTTTTTGTTTTGTTTGTTTGTTTGTTTGTTTTTCGAGACAGGACTTCTCTTTATAGCTCTGGCTGTCCTGGAGCTCACTTTGTAGACCAGGCTGGCCTCGAACTCAGAAATCCGCCTGCCTCTGC
chr13:55797073-55797273,AGCCTTGTGTGTGTGTGTGTGTGTGTGTGTGTGTGTGTGTGTGTGTGTGTGTGACTATTTGTGTTGATGCAGTGGGCAGTGGCCAGGGTATTGAGTGCCCTCTGTCAGTCTCTCTGTCTTTCCCTCCCCTTGTCTGGCCCCCCCCCCCCCCCCCCCCCCCCCCCCCGTCAGGTTTTCTTTGTGTAGCCCTGGCTGTCCTG
chr13:60198523-60198723,CACAGCACACAGCACAGGACAGCACAGCACAGCACAGCACACACAGCACAGCACAGCACAGCACACACAGCACAGCACAGCACAGCACAGCACAGCACAGCACACACAGCACAGCACAGCACAGCACAGCACAGCACAGCACACACAGCACAGCACACAGCACAGCACACAGCACAGCACACAGCACAGCACAGCACAGC
chr13:87412493-87412693,CTCCTCCTCCGCCTCCTCCTCCTCCTCCTCCTCCTCCTCCTCCTTCTTCTTCTTCTTCTTCTTCTTCTCCTCCTTCTCCTCCTCCTCCTTCTCCTACTCCTTCTCCTCCTTCTCCTCCTTCTCCTCCTTCTCCTCCTTCTCCTCCTCCTCCTCCTCCTCCTCCTTCTCCTCCTTCTCCTCCTCCTCCTCCTCCTCCTCCT
chr13:99743762-99743962,AGTAATTTCTGTAAAATACTTTGATTTAATTTGTGCTTTTTTTTTTTGTAAGAAATTGTTTACAATATGTTGCATTTGTACTTAAGTCACTCCATCTTTCACTCAGGATGAATGCAAAGAGTGACTGTTCACAGACCTCAGTGATGTGAGCACTGTGGCTCAGGAGTGACAAGTTGCTAATACGCAGAATGGATGGGTGA
chr13:111534518-111534718,AACCCTAACTCTAGCCCTAAACCCTAACCCTAACCCTAACCCTAACCCTAAACCCTAACCCTAACCCTAACCCCTAACCCTAACCCTACCCTAACCCTAACCCTACCCTAACCCTAACCCTAACCCTAACCCTACCCTAACCCTAACCCTAACCCTAACCCCTAACCCTAACCCTAACTCTAGCCCTAAACCCTAACCCT
chr14:21074878-21075078,CAGCAGCAGGAGGAGCAGGAGCAGGAGGAGGAGGAGCAGGAGGAGGAGGAGCATGAGGAGGAGCAGGAGCAGGAGGAGGAGCAGGAGGAGGAGCAGGAGGAGGAGGAGCAGGAGGAGGAGCAGGAGCAGGAGGAGGAGCAGGAGGAGTAGGAGCAGGAGGAGGAGCAGGAGGAGCAGGAGCAGGAGTAGGATGAGCAGGA
chr14:28409243-28409443,TGGGACTAGTTAGTTCATATTGCTGTTCCACCTATAGGGTTGCAGATCCCTTTAGCTCCTTGGGTACTTTCTCTAGCTCCTCCATTGGGGGCCCTGTGATCCATCCAATAGCTGACTGTGAGCATCCACTTCTGTGTTTGCTAGGCCCAAGAATAACCTCACAAGAGACAGCTATATCAGGGTCATTTCAGCAAAATCTT
chr14:46432416-46432616,CCAGCCCCTGGTGTGGTGCACTCACAGTCATAATGGGTCCTCCCATCTCAGTTAGGTAATCTCAGCCATCGCACCCCCCCCCCCCCCCCCCCCCCCCCCCCCCCCCCCCCCCCCCCCGCACACCCAGACACTTGTCTCCCAGGTGATTCTAGACCCTGTCAAGTTGACAGTCAATATTGACTTTCAATAATTTCACTTTT
chr14:69780042-69780242,TAACCCAACCCTAACCCTAACCCTAGCCCTAACCCTAACCCTAACCCTAACCCTAACCCTAACCCTAACCCTAACCCTAACCCTAACCCTAACCCTAACCCTAACCCTAACCAACCCCAACCCCAACCCTACATAGAGAACCTTCATTCACAAAGCCCCAGCTGCAATGTGCGGTTCCTCCAGACACAGAAGACTGCAGA
chr15:14454251-14454451,CTATCTATCTATCTATCTATCTATCTATCTATCTATCTATCTATCTATCAACCATTCTATCTATCTATCTATCTATCTATCTATCTATCTATCTATCTATCTACCTAACTATCTATCTATCTATCTATCTATCTACCTATCTATCTATCTATCTATCTATCTATCTATCTATCTATCTATCTACCTACCTACCTACCTAC
chr15:38913231-38913431,CACATTTTGGTTATATATATGTATATATATTAAAGAAAGTGTGATTTGAATGATGACTGTTATTTCAACATTTGACAATGGTGGACTGCCTTCTTATTCACAGTTATTCAACAGAAGTTGCCATTTCCCCCCCCCCCCCCCCAAAGCTGTCCCTTTATGGTTCCTGCTTTTTTGTTTTGTTTTGTTTTCTTATTTTTTGT
chr15:74916143-74916343,CCTGGAACTCACTCTGTAGGCCAGGCTGGCCTTTGAACCCTAATCTGTTTGTTTCTGTTTCCCAAGTGCTGGGATTAAATGCATGTGCCACCACTGCCCGGACTAATTTTATTTGTTTGAAAATACCTTTCTTTCTTTCTTTCTTTCTTTCTTTCTTTCTTTCTTTCTTTCTTTCTTTCTTTCTTTCTTTCTTTCTTTCT
chr15:79292227-79292427,GGAGCAGGAGCAGGAGCAGCAGCAGCAGCAGGAGCAGGAGCAGGAGCAGGATCAGGAGGAGCAGGAGCAGGAGGAGCAGGAGGAGCAGCAGGAGCAGGAGCAGGAGCAGCAGCAGGAGCAGGAGCAGCAGCAGGAGCAGCAGCAGCAGCAGGAGGAGCAGGAGCAGCGGGGGCAGGAACAGGGGCAGGAGCAGGAGCAGG
chr15:80761427-80761627,AAATAACTTAGCAAAGTATTGCACCTTGTTTTGGTTTTGACCTCTTTTTTTTTTTTTTCTTTCCTTGTAATGTTGGTTTTTTTATTTTGGTATTTAAAGACTTTTTTAAAAAAACATCAATGTAGTAGTTCTCTGGGCCGAACAGGAGGCAATGTTTAATCCACAGTTATCACCAATACGTATGTACTATGTTGGAATCA
chr15:91739145-91739345,GCTGCCGCCACCACAGCAGGCACCACCACAGCAGCCTCTAATGAGACCTCAGCTCCTGCCTCCACAGCTGGGCCTACCAGCTCTGCCACCACGGCAGCCCCTGCTTCAAGCTCAGCTTCTTCGGCCACCACACCGGCTGAAACAGCTGGCAGCACCACAGGCCCAGCTGTAAGCACAACCTCTGCTGGTTCCACATCTGC
chr15:97751435-97751635,ACACACACACCACACATACACACACACACACACACACACACACACACACCACACACACAGACCACACACACACACACACACCACACACACACACACACACATACCACAAACACACACACAGACCACACACACACACACACACACCACACACACACACACACACCACACACACACACCACACACACACACACCACACACAC
chr15:100269322-100269522,TACATGGAGAAACCTGGTCTCAAAAAAAAAAACAAAACAAAACAAAACAGATCAAGTGGAGAGAAACTGAGAAGAGACCCGATATTGACCTCTGGCCTCCACGGGCATACACACAACACACATCTGGGCAGAAGACTAGCCTGCCTCGTGCTAGCCTGTCAAACTCAGTGAACTCACAACAAACTACAAGTTACTACCTC
chr16:8899633-8899833,ATGTGTGTGTGTGTGTGTGGTGTTTGGGTATGTGTGTGTGTGTGTATGTGTATGTATGTGTGTGTGTGTGTATGTGTGTGTGTGTGTGTGTATGTGTGTGTGTGTCTGTGTGTGTGTGTGTGTGTGTGGTGTGTGTGTGTGTGTGTGTGTGTGTGTGTGTGTGTGGTGTTTGGGTATGTGTGTGTGTGTGTATGTGTATG
chr16:10832500-10832700,AGACATGGCCACTCCTAGGTGTAATTAAGAAGGTTTAATTGTAGATATGAGGGAAAGAACAGCCAGAGGCATCTGGAAGAGTCCAGACTAAACGTGGTCAGCAGAGTACACCCGGTCAAGGGAGGTGGGGGGAGTGAAAGAGAAAGTGAAAAGGCGGAGGTGGCTATAGACTAATAAACCAAGAGGGCTAGGAACCAAAA
chr16:18387746-18387946,TGTACCTCTCTTCCTATCTCTTACCCTAGAGGTGGCCACCACCTCTCCCAACAGAAAGAAGTTTGGCTAATTTTACAGGTTATGGTTAGCTAAGGACAGTTCCTCTGCCCACTCCAGTGTTCTGCAAGGGTCACATTGGCAGTTTTATTCATGTGACAGGTGCAGAGGAAGTGAACAGCTGTGGGGGCCAACACTCACTC
chr16:24583461-24583661,GTTAGGGTTAGGATTAGGGTTAGGGTTAGGATTAGGGTTAGGGTTAGGGGTAGGATTACGGGTAGGATTAACGTGTTAGGTTTAAGGTTAGGGTTAGGGTTAGTGTTAGGCTTAAGGTTAGGTTTAGGGTTAGTGTTAAGGTTAGGACTAGGATTAGGGTTAGGGTTAGGTTTAAGGTTAAGGTTAGGATTAGGGTTAGG
chr16:63461520-63461720,GCTCCTCCTGCTCTCCTCCTCCTGCTCCTCCTCCTGCTCCTCCTGCTCCTCCTCCTGCTCCTCCTCCTCCTGCTCCTCCTCCTCCTCCTCCTCCTCCTCCTCCTCATTCTCCTCCTGCTCCTCCTCCTCCTGCTCCTCCTCCTGCTCCTCCACCTGCTCCTCCTCTTCCTCCTGCTCCTCCTCCTCCTGCTCCTCCACCT
chr17:3020466-3020666,TGGTGTCACAGTCCTCCAATGTGGTTTCAGAGTGCTCCACTGTGATGTACCTGTGCTCCACTGTGCTATCACAGTATTGCCCTTTGGTGTCAAAGTGCTCCACTGTGGTGTCACTGTGCTCCACTGTGGTGTCACAGTGCTCCACTGTACTGTCTCAGAGCTCTAATAAGGTGTCACAGTGCTCCACTGTGCTGTAACAG
chr17:8105699-8105899,TGCTCCCTCCCTCCTGCTCTGACTCCTGCTCCTCCTCCTGCTCCTCCTGCTCCTCCTGCTCCTCCTCCTCCTGCTCCTCCTCCTCCTGCTCCTCCTCCTCCTGCTCCTCCTGCTCCTCCTGCTCCTGCTCCTACTCCTCCTCCTCCTCCTGCTCCTCTTGCTCCTGCTCCTTCTCCTCCTCCTCCTCCTCCTCCTGCTCC
chr17:13096776-13096976,GGGAAGAGACTGCAAAGAAAGAGTGGAGCCAGGCGGGCGTGGTAGCGAAAGCCTTTAATCCCAGCACTTGGGAGGTAAAGGCAGGAGGATTTGAGGCCAGCCTGGTCTACAGAGTGAGTTCCAGACAGCCAGGGCTATACAGAGAAACCCTGTCTGGAAAGACCCAATAAAATAAAACAAAATAAAATAAAGAGAGGAAA
chr17:29239983-29240183,TGTAGAACTCCATCACTGAGAGTTGTAGAGCTCCATCACAGAGAGTTGTAGAACTCATCCATCACTGAGATAGTTGTAGAACTCCATCACTGAGAGTTGTAGAACTCCATCACTGAGAGTTGTAGAACTCCATCACTGAGTTGGAGAACTCCATCACTGAGTTGTAGAACTCCATCACTGAGTTGTAGAACTCCATCACT
chr17:29632286-29632486,TTTCTGTCTCCTTTAGTAAAATTCCCAAGCAAACTGGTCTTCCTCTTTGGTTTCGACTTAACTGTTTCAAAACCAAGACCTCACACAGAACGCACAACCAATGCAAAACAAAAAACAAAAAAAACAAAAAAAAAACCAGACAAGCTGTAAATGTGTGTATAGTTCCGGCATGGTAGCCTGCAAAAGGACTGTAGATGATA
chr17:88362712-88362912,CCGGCCTAGGGTGGAGTCTTTCACCTTGCAGCATCTGCAATTTCCAGGGGGCGGGGGGGGGGGGGGGGGGGCAGACCGCCTGCTGAGCTTGTTTTGCACCAGAATCCACCTGAAACAAAGGATGGGCCGGTGGGCTTTCCCTATATAAATACAGTGCTAAATATTGAACTTTGAGCCTTGATCAGAAACCTTTGGCCTGC
chr18:48977677-48977877,TCTGCCTCTCTGCCTCTGCCTCTGCCTCTGCCTCTCTGCCTCTGCCTCTCTGCCTCTGCCTCTCTCTCTGCCTCTCTGCCTCTCTGCCTCTCTGCCTCTCTGCCTCTCTGCCTCTCTGCCTCTCTGCCTCTCTGCCTCTCTGCCTCTCTGGCTCTCTGCCTCTCTGCCTCTCTGCCTCTCTGCGCGTCAACCGATCTGCC
chr18:58969981-58970181,CCCAGAGCTCTTGACTCTAGCTGCATATGTATCAAAAGATGGCCTAGTCGGCCATCACTGGAAAGAGAGGCCCATTGGACACGCAAACTTTATATGCCCCAGTACAGGGGAACGCCAGGGCCAAAAAGGGGGAGTGGGTGGGTAGGGGAGTGGGGGGGGTGGGTTTGGGGGACTTTTGGTATAGCATTGGAAATGTAAAT
chr18:62913695-62913895,GTGTGTGTGTTCCTGTATGTGTGTGTGTATGTCTGTGTGTGTTCCTGTATGTGTGTGTATGTCTGTGTGTGTTCCTGTATGTGTGTGTGTGTGTATGTCTGTGTGTGTTCCTGTATGTGTGTGTGTGTGTCTGTGTGTGTTCCTGTATGTGTGTGTGTATGTCTGTGTGTGTTCCTGTATGTGTGTGTGTGTGTGTGTAT
chr19:23390398-23390598,AGGTTTCATTTTGCATTTTCAAACATTTTTACCACATCTTTAGAAAGCTTTTCATAGAAGTCTTCCTTGGGAAAGTGGGGTCTGACAGGATCAGACGCAGCCATGGGAAGCTTAGCTGTAGAAAGACTGTAGCACACTGGAGCCGCTAGGTTACAATCTGGGTATTGGGTACACAAATCTTTTTTTTTTTTTTTTTTTTG
chr19:24850156-24850356,ACTAAAAGAAAAAAGAAAATGATCACTAAAAATAAAAAAAAATACTGCTGAAAATCAAACACAATGACTCCCTCATATGTGTAAACCCAGCACACCAACATGAAACCCATCCTTAATCTTCATACATGCTAACTTAGCACACTAATGTAGTTCATTTTCAACCTCATAAGTAATTTTAGTATGTGTATATAGCACATACT
chr19:26148871-26149071,CTTCTGCTCCTCCTGCTCCTGCTCCTCCTGCTCCTGCTCCTCCTGCTCCTCCTCCTCCTGCTCCTGCTCCTCCTGCTCTTCCTCCTCCTCCTCCTCCTGCTCCTCCTCCTCCTGCTCCTCCTGCTCCTGCTCCTCCTCCTCCTGCTCCTCCTCCTCCTGCTCCTCCTCCTCCTGCTCCTCCTGCTCCTGCTCCTCCTCCT
chr19:32955297-32955497,AAAAAAAAAAAAAAAAAGATTAAAGAATAATAATAATTAAAACAAAAAACAACAACAACAGAAAAAACCCAGCTCTCCTGGCAAATCCCAAGCATGTAGCATTTTTTTTTTTCAAGACAGGGTTTCTTTGTGTAGCCCTGGCTGTCCTGGAACTCGTTCTCGAACTCAGAAATCTGCCTGCCTCTGTCCCCCCCCCCCCC
chr19:45782558-45782758,CCTCTGCCTCTCTGCCTCTGCCTCTCTGCCTCTGCCTCTCTGCCTCTGCCTCTCTGCCCCTGCCTCTCTGCCTCTCTGCCTCTGCCTCTCTGCCTCTGCCTCTCTGCCTCTGCCTCTCTGCCTCTGCCTCTCTGCCTCTGCCTCTCTGCCTCTGCCTCTCTGCCTCTGCCTCTCTGCCTCTGCCTCTCTGCCTCTGCCTC
chr2:7126028-7126228,GGGCCCCTCTCTGTACTTGCTACTGTTGTTGTGTGTGGGACCTCTCTCTGTACTTGCTACTGTTGTTGTGTGTGGGACCCCTCTCTGTACTTGCTACTGTTGTTGTGTGTGGGGCCCCTCTCTGTACTTGCTACTGTTGTTGTGTGTGGGACCCCTCTCTGTACTTGCTACTGTTGTTGTGTGTGGGACCCCTCTCTGTA
chr2:57034760-57034960,ATGTTAATATTTTAGAAAAACAAGATTTGAAACAAAAAGGCAAGTGCATTGGCCGGGAATCGAACCCGGGCCTCCCGCGTGGCAGGCGAGAATTCTACCACTGAACCACCAATGCAAGCACATATTATGGTGTTCTGTTATACTATACTAGGATATATTTACACATGAGTAATTCTTGTGTCAATTCTGTTTTTATATAT
chr2:118872471-118872671,GCAAAAGACACTTTCGACGAGGATGGGATTCGAACCCATGCGTGCAGAGCACAATGGATTAGCAGTCCATCGCCTTAACCACTCGGCCACCTCGTCCCAGAAGCTAGTTTCTTCCTGGTAGCTATAGGGAGTAGACACAGAGCGCTGTGACGCAATACCATGGAAGTCGCCATTTTGTACGGAAGCCAACAGTGCGATTG
chr2:121348203-121348403,GGGTTGGGGTTAGGGTTTAGGGTTTAGGGTTAGGGTTGGGGTTGGGGTTAGGGTTAGGGTTAGGGTTAGGGTTAGGGTTGGGGTTAGGGTTAGGGTTGGGGTTGGGGTTGGGGTTGGGGTTAGGGGTTAGGGTTAGGGTTAGGGTTGGGGTTTAGGGTTTAGGGTTTAGGGTTAGGGTTGGGGTTAGGGTTAGGGTTAGG
chr2:122201202-122201402,CCCCTTGCCGTGCCATTGTTGCCACAATGCCGTGACTCGGATTCGAACCGAGGTTGCTGCGGCCACAACGCAGAGTACTAACCACTATACGATCACGGCGAGCTACCAGGGACCTGTAATATTGCTCTTCTGAATATGCTCTTCAATACTCATAGGCCTTCCCACTTCCTGCGTCACTAAATGACCCGTGTGCTGGGCGG
chr2:123328826-123329026,AGAGACTGCCATACCCAGGGATCCACCTCATAATCAGCATCCAAACGCTGACACCATTTTATACACTAGCAAGATTTTATCGAAAGGACCCAGATGTAGCTGTCTCTTGTGAGACTATGCCGGGGCCTAGCAAACACAGAAGTGGATGCTCACAGTCAGCTAATGGATGGATCACAGGGCTCCCAATGGAGGAGCTAGAG
chr3:26624077-26624277,GTGCTGTGCTGTGCTGTGCTGTGCTGTGCTGTGCTGTGCTGTGCTGTGTGTGCTGTGCTGTGCTGTGCTGTGCTGTGCTGTGGTTGTCTGTGCTGTGCTGTCCTGTGCTGTGCTGTGGTTGTCTGTGCTGTGCTGTCCTGTGCTGTGCTGTGGTTGTCTGTGCTGTACTATGCTGTGCTGTGCTGTGCTGTGCTGTGCTG
chr3:90279740-90279940,ATTTAATTAGATTGTCAAAATTTTAAAAACAAAGCCTCCGATAGCAGAGGATGGTTTCGATCCATCGACCTCTGGGTTATGGGCCCAGCACGCTTCCGCTGCGCCACTCTGCTACCCACTGGTAGCATTCTCTTCTTTTCCATAGAAGAGCTTACCATTCACCGCCTCAACTTCTGAACGCCCTCCGCTGTCAGTGGGGA
chr3:122390988-122391188,TTTTCTTTCTCTGAACTTTTTTTTTTTTTTTTTTTTTTTTTTTTTTTTGGTTTTTCGAGACAGGATTTCTCTGTATAGCCCTGGCTGTCCTGGAACTCACTCTGTAGACCAGGCTGGCCTTGAACTCAGAAATCTGCCTGCCTCTGCCTCCCAAGTGCTGGGATTAAAGGTGTGCGCCACCACCGCCTGGCCATCTCTGA
chr3:148715568-148715768,GGATAGGGATAGGGTTAGGGTTAGAGTTAGGGTTAGGGTTAGGGTTAGGTTAGGGTTAGGGTTAGGGTTAGGTTAGGGTTAGGGTTAGGGTTAGGGTTAGGGTTAGGTTAGGGTTAGGGTTAGGTTAGGGTTGGGGTTGGGGTTGGGGTTGGGGTTGGGGTTAGGTTAGGGTTAGGGTTAGGGTTAGGGTTAGGGTTAGG
chr4:3012155-3012355,CACAGTGGAGCACTGTGACAACGAATTTGGTCACTATGACACCACTGTAGAGCACTGAGACAGCATAGTGGAGCACTGTGACACCACAATGATCACTGTGACACCACAGTGGAGCACTGTGACAACAGAGTGGAGCACTGTAACACCACGTGGAGCAAGTGACACCACATGGAAAACTGTGACACCAAAGTGGAGCATTG
chr4:45884751-45884951,ACTTCAATGTTTTATCAGATATAAAATAAAACCATTGTACATGCTCTAAGTCATTGGAGATAAAGTTGGCTGACTGAGTCAAGGGCAGCCGCAGAATGCAGAATACAGGCAGCAAAGCCTCATTATCTTTGTTTCCAAGGCAGGGATGATGTTCCTTTAGAGTCAGTTTGTTGTGCAGGTTTTAAGGGGATGTGTTAATT
chr4:59219760-59219960,TGTATTCACATCCCATTGGGATTACACACACCACACCCAGCTTTTTACATGAGGGGATCTGAACTCAAGTTCTCATGCTTGCATAGCATCTTACCCGCAGAGCTATTCCCCCCCCCCCCCCCCCCCCCCCGCCCTGGCCCTCCAAACCTGCCCTTCATTGCCTGTGAGTGCCTGCTCTGACCCTGTGGCTCCTAAGCCCT
chr4:83134140-83134340,GTGTGTGTGTGTGTACACCTCCCCCTCCCATTGTCTCCAACTCCATAAGGCTTTGAAACTCCAGTTGTGGTCAGACTCCACATCATGGGCTTCACCTGAGGCCTTGTGAGCAGCTCAGCTCAGCCCCCCCCCCCCCCCCCCCCCCCCCCCCCGTCTACTAATCTACATTTTTAACAAGATATCCCACATTGGTTTTTTTT
chr4:95041883-95042083,AGGACAGCCAGGGCTACACAGAGATACCCTGTCTCAAAAAAACAAAAACAAAAAAAAACCAAAACAACAAAAAAAACCAAACCAAACAAACAAAAAACATCCTTCACTAGGAGGAGCACCATGAGGTCCCGTCCCTCCCTGAGGGTCTACTGATAGTTAAATGCTTCCTAGGGAAGGGATGCCTCTTCCCCCCCCCCCCC
chr4:119291437-119291637,TTTCCTTCCATTCTTGTTTCCTTCAGCCAACATCCTTTCCTCCCCAAACGAATAGTGTTGTTTTGGGCAATGTTGTATATCTGCTGATGGTATTTGAACTTATATAAAGATGATACAAATCAATGAAAGCAGTGTAGATAGTATAGTATGTACTATAGTATGGTGCAGTCTACAGAAGTCATGATCAAGAGATCGAGAGG
chr4:124268662-124268862,AGAAAGAAAAAAAAAAAAAAAAAAAAAAAAAACAAATAAGGTAAAGAAATGCATCCACAAATGAGCCCAGACACAGACCTCAAGGACACATGCACAAGCATGGGGGGGCTCTGCAGATGTGTACAGACAGAGGCACTCTGACACAGATGTGCAGTAGCACATGACCAGATGGATGCCAACAGAAGGGCGTGGTCCACATC
chr4:129252856-129253056,GAATGACAGAGCCGGCAGATGTGTCTCCAGACCTGATATACCGCCCTGCTGTCCTCACTTAGAAACCTTAGCATTTTACAGCTCACCTCAGCTTCAGCACCCGCCTGGGGGGCACGGTGCTGACAAGCAGTGCATGAATTCTAAAGTGTGTGTTCTAAAGTAATGCATATCTAGCTGCCCGTGGAGCAAGAATTAGCAAC
chr4:149184585-149184785,AGGAGGATGCTGGAGGAACATGGTGACATGCAGCAGGAGGATGCTGGAGGAACATGGTGACATGCAGCAGGAGGATGCTGGAGGAACATGGTGGCATGCAGCAGGAGGATGCTGGAGGAACATGGCCACAGGCAGCAGGAGGATGCTGGAGGAACATGGCCACAGGCAGCAGGAGGATGCTGGAGGAACATGGCCACAGG
chr5:37089035-37089235,CTGGCTTGCTAGCCAGCTCGGGGCCGGGGGGGGGGGGGGGGGGGTGGGGGGTGGGGGGGGGCTTCCTGTGCTCCCTCCCCAGTGCTAGAATTAAAGGCATGCACTCCTTAGGCCAGGTGTGGTAGTGTGCCAACACCCAAGAAGCAGTGGCAGGCCTCCTGATCTCTGTGAGTTCAAGGCCAACCTAGTCTACATAGTGA
chr5:38414316-38414516,CAGAGGCAGAGGCAGAGGCAGAGGGAGAGGGAGAGGGAGAGGCAGAGGCAGAGGCAGAGGCAGAGGCAGAGGCAGAGGCAGAGGGAGAGGGAGAGGCAGAGGCAGAGGCAGAGGCAGAGGCAGAGGCAGAGGCAGAGGCAGAGGCAGAGGCAGAGGCAGAGGCAGAGGCAGAGGCAGAGGCAGAGGCAGAGGCAGAGGCA
chr5:77941795-77941995,TTGTTTTGTTTTATCTGCCCCTCCCTACAGTTTTCAGTGCCCCTTGGCTTGCTTATTCCTTGGCCTAGGGAGAGGCTGGGATTGCTTCCTTCCTAGATCCCAGAGATGAGAGGGAAGCTTCTCGGAGCCTCTTTACTCACTTCTGCTTTCTGACATGGCAGGCAGCTGCTTTTCTAGTATCTGAACTTTGCATCCCCTGC
chr5:118773992-118774192,GTCTGGTGTGCACCTGTGTCTGGTGTGTACCTGTGTCTGGTGTGCACCTGTGTCTGGTATGTTCCTGTGTCAGGTGTGTACCTGTGTCTGGTGTGTACCTGTGTCTGGTGTGCTCCTGTGTCTGGTGTGTACCTGTGCCTGGTGTGTACCTGTGTCTGGTATGCTCCTGTGTCAGGTGTGTACCTGTGTCTGGTGTGCAC
chr5:129892621-129892821,AGAGAGAGAGAGAGAGAGAGAGAGAGAGAGAGAGAGAGAGAGAGAGCGAGCCGCAGGGCCCTAGTGTGGCTGCGTCCATAGCCGCCAACAGGCTAGGAGCCGCCTAGCCAATTACTACAGAGCTGCTGAGCTGCCAGCAGGGGGCACTGAGAGTCCAACTCCCTGGAGAGACTCTCTTAGGCCCATTCTTCTCTCCTGAT
chr5:130733977-130734177,AAACAAAACAAAACAAAAAAAAAAAACAAAACAAAACCAAAACCAAAAAAAAAAACCCAAAAAAACCAAAAACCAAACAAAAAACCAAAAACCAACAAAACAACAACAACAAAAAAACCCCAATAAATTTTAGATTTCAAGTCCTGTGAAAAAAATCTTCACCTTCTGTGTTTAAGGCTCTGGTTGAACACAAGTCAAGC
chr5:135085652-135085852,TATGAACCCATCCTCAGCGGTGCTCTGCTCTGCCCCCAGGAAGACCCAAGAACCCAGATCCTAGCAGCAGTGGAGGCTCACGCCTCCCCATCCCCCCTGCCCTCCCCCCCCCCCCCCCCCCGCCCTTGGGAGGCAGAGGCAGGTGGAGCTCTGAGTTCAAGGCCAGCCTGGTCTACAAAGTAAGTTTCAGAACGGCTAGA
chr5:145527800-145528000,GAGCTCACTTCACTGTTAGTGGTTGTCACAGAACCTACTCGGTAGTGTAGAATTGATAGAGTTGTCCCTTTCGGTTTTTTTTGTTTGTTTGTTTGTTTGTTTTTTGTTTTTTTGGTTTTTCGAGACAGGGTTTCTCTGTGTAGCCCCGGCTATCCTGGAACTCACTCTGTAGACCAGGTTGACCTCGAACTCAGAGATCC
chr5:151799399-151799599,GGTGGAGCAGCACTCACAGAGCCTGTGTGTGTCTGTATGTGTGTGTCTGTGTATGTGTATCTGTGTGTGTGTATATGTGTGTGTCTGTGTGTGTCTCTGTGTGTGGGTGTCTGTGTGTGTCTCTGTGTGTCTGTGCCTGTGTGAGTGCCTGTGTGTGTGTCTCTGTGTGTCTGTGTGTGTGCCTGTATGTGTGTCTGTTT
chr6:47689894-47690094,GCTGGCCTCGAACTCGTGATCCTCCTGCCTCTGCCTCCTTCAGCAAATCCTACCGGCGTGCGCCACCACTACCGGCAGCGAACGGGCGCTGCTACGCCCTACTTGAACCGTACCAACGATGACGACACAACACCCGACACGCCCCCATACTCCTACCTGAACACTGCCCACACACCACCAGCGCAGCCTCACCTCACACC
chr6:47697963-47698163,AGGGAGCTGTCCAAGGATTCCAGTGCGAGCATGTTTTGCGAGGAGAAGGCACACTGTGCTCTGTGTGTGTGCATGTGTGTGTGTGTGTGTGTGTGTGTTCCGTGTGTTCGTTGGTGGAGCAAAGAGAGGCAAGGTGAGGCGAAGGAGAAGGAGAAGAGGAGAAGGAGAAGGAGAAGGAGAAGGAGAAGGAGAAGGAGAAG
chr6:47713254-47713454,GAGGGTGAAAAAAATGTGTAGCCCAGGCTGGCCTCGAACTCGTGATCCTCCTGCCTCTGCCTCCTTCAGCAAATCCTACCGGCGTGCGCCACCACTACCGGCAGCGAACGGGCGCTGCTACGCCCTACTTGAACCGTACCAACGATGACGACACAACACCCGACACGCCCCCATACTCCTACCTGAACACTGCCCACACA
chr6:54669302-54669502,TGTAAGGAGATCTGACTCCCTCTTCTGGAGTGTCTGAAGACAGCTACAGTGTACTTACATATAATCAATAAATAAATCTTTAAAAAAAAAAATTTAAAAAAAAAAAAAAAAAAAAAAAAGAAACCTTTGTGGGATGAATTAATGAATGAGTGAATGAATGCATTTCAATGCTTTCTCTCTCCCCGGGGATATGTGGAGCC
chr6:94729112-94729312,TCCTCCCCAGTGGTTATGGCTTCTCTGCATCCCCACCCCCAAACTTTTAACTGTTTTCATTCTGTATTCACTGGAAGAACCTAGAAAATGTCAAGAAATCAAAACGAAAAGACTCATAGCTTTATCACTCAATATAAAAGCTGCTTAGTTTTAGTATACAGTCTCCCCCCCCCCCCCCCCCCCCCCCGTTTAGAGACTAG
chr6:135699311-135699511,CACCACCCAAGAAAACTCCCTCATGATACTCCTCCATAGACCTCCCCTGGCTCCTGACACATGATGACCTGTTCTCTGTCCCCATAGTTTTGACTTTTAATCATTCTTCATTACCCAGGAGTATTAAACCAAACTACCATACTGCTTACTCCCATATATTCCCATTTGTCATTGGCATCTATATACCAAGTCTTATTTTC
chr7:17636748-17636948,TGCAAAACCCACTTCCGACCTCTGAAGTCACCTGCACTCACTTACACAATCATCTCCCGCCCCTTCCTCTCCCTCCCCCTTAAAATATAAAATCTTTCTTTCTTTCTTTCTTTCTTTCTTTCTTTCTTTCTTTCTTTCTTTCTTTCTTTCTTTCTTTTCTTTTCTTCTGCCCCCTCTCCTCCCCCCTCCCTCTCTCTTCC
chr7:89380242-89380442,GGAGGGTGGGGGCGAGTAGCCCCTTTTATAGTGAGTCAGGCACACCTGACTGTTGCCAGGTGACTGTGGGGCAGAGCCTAGACAAAAATGCCAAGAATATCAATGTCAGGAAGAAAAGGAGAAATGTCAGAAGGTTTAAAATCTATTCTGAGGTCAGATGAATGGTCTTTTCTCTTCAGACTTTTAAGAGACACTTTGGT
chr7:130164200-130164400,CAGGGAGGAGCAGGAGGAGCAGGAGGAGCAGGAGGAGCAGGAGGAGCAGGAGGAGCAGGAGGAGCAGGAGGAGGAGGAGGAGCAGGAGCAGGAGGATCAGGAGGATCAGGAGGAGCAGGAGGAGCAGGAGGAGCAGGGGCAGGAGGAGCAGGAGCAGGAGGAGCAGGAGCAGCAGGAGCAGCAGCAGCAGCAGGAGCAGC
chr7:130472586-130472786,GAGAGAGAGAGGGAGAGGGGGAGGGAGAGAGATTGAGAGAGAGAGAGAGAGAGAGAGAGAGAGAGAGAGAGAGAGAGAGATCTGTGGCACTTATGACAGCAAAGAAAAGTTTGCATTATCAAATTAGGGTGTCCCAGAGGGGGCAAGGCTTTCATACCCCACAGGCAATACAGACAGCTCTCCTCCAACTACAAGGATCT
chr8:8744902-8745102,CATATGATGTAACTCACATGGGCTGGTGGGCTTGTACACATGATGTGACTCACATGGGCTGGTGGGCTTGTACACATGATGTGACTCACATGGGCTGGTGGGCTTGTACACATGATGTGACTCACATGGGCTGGTGGGCTTGTACACATGATGTGACTCACATGGGCTGGTGGGCTTGTACACATGATGTGACTCACATG
chr8:26377192-26377392,GTGTGTGTATGTGTGTGTGTGTATGTGTGTGTGTGTGAATGTGTGTGTATGTGTATGTGTGTGTATGTATGTGTGTGTGTGTGAATGTGTGTGTGAATGTGTGTGTATGTGTGTGTGTGTGTATGTGTATGTGTATGTGTGTGTATGTGTGTGTGTGTATGTGTATGTGTGTGTATGTGTGTGTATGTGTGTGTGTATGT
chr8:49332779-49332979,AGGAGGGAGGAGGAGGAGGAGCAGGAGCAGGAGGAGGAGGAGCAGGAGGAGGAGGAGGAGGAGGAGCAGGAGGAGGAGGAGGAGGAGGAGCAGGAGGAGGAGGAGCAGGAGGAGGAGGAGGAGGAGGAGGAGCAGGAGGAGGAGGAGCAGGAGGAGGAGGAGCAGGAGGAGGAGGAGGAGGAGGAGGAGGAGGAGGAGCA
chr8:79965368-79965568,AGGCGGGGGGGGGGGGGGGGGGGGGACGGGACACACCGGACCTCCAGGATCTCCTATACTATAATGAAAAGTATTATTACGCTTTATTATATGTGAACTTATATTTCAGTTTCTCCAAAGAGCTTCTTGAAAGTTGGTTTATTTTCATCACATACATGTATGAACAAAGAAATAAACTACTTGTGTTAAGATATTTCTAA
chr8:109001692-109001892,CTCGGAAGTGATCAGGAAGCTACAGTGGGGAATCGGGTTAGGTGAAAAAAAATGTCTGTGTTTTAAAGCAGCACATCTTAAAAGTTCCTTGAGAGATTTGCTTTGAAGGGAAGAAGGAGGTAGATGAAGCATTCCAAAACTCTCCCAACTATTGAACCAGGACTTAAGAACTGGGAGCTCACTATAGCAATATTACTTTC
chr8:122314310-122314510,AAAAAAAAAAAAAAAAAAAAAAAACAGTGGCAAGGACTGCAGCTCAGGCAGAGGCAACGTGAGACATTGTGGCTCCAAAGGGACAGGCAGGACAAGGGACTGGGCAGTGGCCACCAGCTTGAATTGCAGGGGACCCTGCCTCCTCTGGAGCCCCTGCAGCCTCCCAGGCCCCTCTTTACCTCTGACCCTTGATCCTGTAA
chr9:3033721-3033921,CATTTCTAAATTTTCCACCTTTTTCTGTTTTCCTCGCCATATTTCACATCCTAAAGTGTGTATTTCTCATTTTCCGTGATTTTCAGTTTTCTTGCCATATTCCAGGTCCTACAGTGTGCATTTCTCATTTTTCACGTTTTTCAGTGATTTCGTCATTTTTCAAGTTGTCAAGTGGATGTTTCTCATTTTCCTTGATTTTC
chr9:31702124-31702324,GCATCTTTTTTTTTTTTTTTTTTTTTTTTTTTAACGTGCAAAAGTGTCTTGCCCGCACATATGTCTGTGCAGCCTATGCATGCCTGGTGCCCATGGAGGCCAGAAGCGATGTTGAAGAAGAAAAATGCTGCTAATCTCAGAGCATCAAGCATCGTGGCTAAGTGTACCCAGTGAGAGGCAGAGATGGAAGCTGAATCCAG
chr9:32162422-32162622,TGTGTGTGTGAGTGTGTGTGTGAGTGTGTGTGTGTGAGTGTGTGTGAGAGAGTGTGTGTGTGTGAGTGTGTGTGAGTGTGTGTGTGTGAGTGTGTGTGTGTGTGTGTGAGTGTGTGTGTGTGAGAGTGTGTGTGTGAGTGTGTGTGTGAGTGTGTGTGTGTGTGTGAGTGTGTGTGTGTGTGAGTGTGTGTGTGTGTGAG
chr9:105474011-105474211,ACACACTGCAAGAAGACAACAGACACACTGCAAGAAGACGACAGACACACTGCAAGAAGACAACAGACACACTGCAAGAAGACATACAGACACACTGCAAGAAGACAACAGACACACTGCAAGAAGACAACAGACACACTGCAAGAAGACAGACACACTGCAAGAAGATAACAGACACACTGCAAGAAGACAACAGACAC
chrX:50238802-50239002,TTCCATCTTGCTCTATCCTGGAAAGCCTCTAGAAAGCATTCTATCTCAAGTCTCCCATCGTGTTCTATTCCTGCAAGCCTCTAGGAAGCCTCCTATCTCAGACTCCCATCGTGCTCTATCCCTGCAAGCCTCTAGGAAGCTTCCTATCTCACATCTCTCAACTTGCTCTACCCCTACAAGCCGCTAAGAAGGTTCCTATC
chrX:166427525-166427725,CTGTCTCACACGGTCACTCAGGGTCATCCCCCTGCCTCACACGGTCACTCAGGGTCATCCCCCTGCCTCAGAAAATCATTCACAGTCATCCCCCCGCCTCAGAAAATCACTCACAGTCATCCCCCTGCCTCAGAAAATCACTCACAGTCATCCCCCTGCCTCACACGGTCACTCAGGGTCATCCCCCTGCCTCAGAAAAT
chrX:166432676-166432876,TTCCCCTGCATCCCACAGTCACACAGCCACATCCCCCTGCCCCACAGTTACTCAGCTTCATTTCCCTGTGTCAGAAAATCACTCACTGTCATCCCCCTGCCTCAGAAAATCACTCACAGTCATCCCCCTGCCTCAGAAAATCACTCTCTGTCATCCCCCTGCCTCAGAAAATCCCTCACAGTCATGCCCCTGCCTCAGAA
